{"assets/mikan.png":["assets/mikan.png"],"assets/pubspec.yaml":["assets/pubspec.yaml"],"packages/cupertino_icons/assets/CupertinoIcons.ttf":["packages/cupertino_icons/assets/CupertinoIcons.ttf"],"packages/flex_color_picker/assets/opacity.png":["packages/flex_color_picker/assets/opacity.png"],"packages/fluentui_system_icons/fonts/FluentSystemIcons-Filled.ttf":["packages/fluentui_system_icons/fonts/FluentSystemIcons-Filled.ttf"],"packages/fluentui_system_icons/fonts/FluentSystemIcons-Regular.ttf":["packages/fluentui_system_icons/fonts/FluentSystemIcons-Regular.ttf"],"packages/flutter_widget_from_html/test/images/.gitkeep":["packages/flutter_widget_from_html/test/images/.gitkeep"],"packages/flutter_widget_from_html_core/test/images/logo.png":["packages/flutter_widget_from_html_core/test/images/logo.png"],"packages/fwfh_svg/test/images/logo.svg":["packages/fwfh_svg/test/images/logo.svg"],"packages/wakelock_web/assets/no_sleep.js":["packages/wakelock_web/assets/no_sleep.js"]}